address, zipcode, city, state, country
Anders Personsgatan 14, 416 64, Göteborg, Västra Götaland, Sweden
Gamla Kronvägen 5, 433 33, Partille, Västra Götaland, Sweden
Kärra centrum, 425 34, Hisings Kärra, Västra Götaland, Sweden
Pepparedsleden 1, 431 50, Mölndal, Västra Götaland, Sweden
Skalskärsgatan 1, 426 58, Västra Frölunda, Västra Götaland, Sweden
Vikingagatan 1, 442 36, Kungälv, Västra Götaland, Sweden
Älvebacken 21, 442 48, Kungälv, Västra Götaland, Sweden
Torsbyvägen 12, 442 50, Ytterby, Västra Götaland, Sweden
Bilgatan 19, 442 40, Kungälv, Västra Götaland, Sweden
Lunnagårdsgatan 2, 431 90, Mölndal, Västra Götaland, Sweden
Kattesund 1, 222 23, Lund, Skåne, Sweden
Emblas Gata 23, 224 76, Lund, Skåne, Sweden
Stortorget 6, 222 23, Lund, Skåne, Sweden
Företagsvägen 10, 227 61, Lund, Skåne, Sweden
Jägersrovägen 151, 213 75, Malmö, Skåne, Sweden
Hyllie Boulevard 19, 215 32, Malmö, Skåne, Sweden
Stumholm, 371 32, Karlskrona, Blekinge, Sweden
Strandgatan 4, 372 30, Ronneby, Blekinge, Sweden
Ågårdsgatan 1, 372 35, Ronneby, Blekinge, Sweden
Muraregatan 4, 372 39, Ronneby, Blekinge, Sweden
Skolvägen 4, 294 71, Sölvesborg, Blekinge, Sweden
Södra Grev Rosengatan, 701 85, Örebro, Örebro, Sweden
Östra Bangatan 7A, 703 61, Örebro, Örebro, Sweden
Eklundavägen 2, 702 17, Örebro, Örebro, Sweden
Karlslundsgatan 27, 703 41, Örebro, Örebro, Sweden
Storgatan 2, 972 38, Luleå, Norrbotten, Sweden
Storgatan 36, 972 31, Luleå, Norrbotten, Sweden
Regnbågsallén B192, 977 54, Luleå, Norrbotten, Sweden
Kungsgatan 75, 903 26, Umeå, Västerbotten, Sweden
Bölevägen 69, 904 34, Umeå, Västerbotten, Sweden
Kornvägen 10, 903 54, Umeå, Västerbotten, Sweden
Kanalgatan 75, 931 78, Skellefteå, Västerbotten, Sweden
Gymnasievägen 34, 931 91, Skellefteå, Västerbotten, Sweden
Varugatan 6, 931 76, Skellefteå, Västerbotten, Sweden
VITBERGET 10, 931 70, Skellefteå,  Västerbotten, Sweden
Västra Törnekvior 2, 621 41, Visby, Gotland, Sweden
Norra Hansegatan 18, 621 41, Visby, Gotland, Sweden
Jacob Häggs väg 66, 623 69, Katthammarsvik , Gotland, Sweden
Verkstadsgatan 9, 623 77, Klintehamn, Gotland, Sweden
Brinellvägen 8, 114 28, Stockholm, Stockholm, Sweden
Centralplan 15, 111 20, Stockholm, Stockholm, Sweden
Solnavägen 9, 171 65, Solna, Stockholm, Sweden
Mönstringsvägen 9, 170 69, Solna, Stockholm, Sweden
Finspångsgatan 52, 163 53, Spånga, Stockholm, Sweden
Enköpingsvägen 41, 177 38, Järfälla, Stockholm, Sweden
Östra Torggatan 13, 572 33, Oskarshamn, Kalmar, Sweden
Gyllings väg 9, 572 36, Oskarshamn, Kalmar, Sweden
Herkulesvägen 7, 553 03, Jönköping, Jönköpings, Sweden
Munksjögatan 14, 567 33, Vaggeryd, Jönköpings, Sweden
Bäckgatan 10, 352 30, Växjö, Kronobergs, Sweden
